380,0.00274889500126459,0.00102127392292205,0.00191857784345128,0.000664693256821035,0.00282533646661051,0.0031204616744593,0.0010212459469473,0.00725257255802118,0.0130887918150576
381,0.00313752856023051,0.00119381828151959,0.00225628582835957,0.000805025623876086,0.00331783574623274,0.00366972466648077,0.00119378557900037,0.00974306979007269,0.0175834176220408
382,0.00358110625990644,0.00139551400356623,0.00265343704971219,0.000974985431749553,0.00389618494065813,0.00431566852710749,0.001395475775953,0.0130887913460774,0.0236214755066549
383,0.00408739593896086,0.00163128620073229,0.00312049464306466,0.00118082771607835,0.00457534887426497,0.00507531084269798,0.0016312415145609,0.017583416992015,0.0317329723439019
384,0.0046652636175983,0.00190689207668432,0.00366976343821295,0.00143012809039443,0.00537290091392881,0.00596866456164679,0.00190683984078229,0.0236214746602814,0.0426299167253612
385,0.00532482874971801,0.00222906150671095,0.00431571412342861,0.00173206154764156,0.00630947765580295,0.00701926520905659,0.0022290004455529,0.031732971206888,0.0572688174406215
386,0.00607764142225738,0.00260566136738435,0.00507536446486602,0.00209774012156584,0.00740931286239621,0.00825479089050803,0.00260558998994586,0.0426299151979025,0.0769346436254265
387,0.00693688460393663,0.00304588762849114,0.00596872762236247,0.00254062183389094,0.00870086446120895,0.00970779141333694,0.00304580419184063,0.0572688153886409,0.103353616405791
388,0.00791760498401473,0.00356048989721011,0.00701933936968049,0.00307700597621984,0.0102175508224512,0.0114165457262974,0.00356039236394972,0.0769346408688061,0.138844732629985
389,0.00903697644197765,0.0041620338967165,0.00825487810482809,0.00372663295224373,0.0119986153586077,0.0134260702559277,0.00416191988523282,0.103353612702561,0.186523321094083
390,0.0103146007600513,0.0048652082873752,0.00970789397903953,0.0045134107528896,0.0140901418056809,0.0157893046889914,0.00486507501368521,0.141944153393487,0.256117401880885
391,0.011772850842023,0.00568718332102706,0.0114166663454974,0.00546629479591217,0.0165462464403269,0.0185685064191936,0.00568702753079938,0.190812101834407,0.347175099302759
392,0.0134372624454412,0.00664803008396114,0.0134262121063518,0.00662035350336645,0.0194304780590812,0.0218368903653098,0.00664784797305281,0.254684738158362,0.467648432875164
393,0.0153369812828019,0.00777121056282933,0.0157894715076899,0.00801805882265836,0.0228174619131126,0.0256805573206492,0.0077709976843982,0.339698522229849,0.630092059838455
394,0.0175052733156194,0.00908415049602907,0.0185687026009847,0.00971084917041265,0.0267948300924035,0.0302007615791364,0.00908390165195386,0.453047186452261,0.850591718917856
395,0.0199801071701722,0.0106189089930404,0.021837121078549,0.0117610222969338,0.0314654882487175,0.0355165774993994,0.0106186181069979,0.605439812641259,1.14603296597149
396,0.0228048188644418,0.0124129612650326,0.0256808286433726,0.0142440277001949,0.0369502772268208,0.0417680351475666,0.0124126212341329,0.812111587614737,1.53592817382897
397,0.0260288704742457,0.0145101135691885,0.0302010806591617,0.0172512429068773,0.0433910983603941,0.0489049706516968,0.0145097160905477,1.09781526913194,2.05021623179563
398,0.0297087160077797,0.0169615726937282,0.0355169527426004,0.0208933357222303,0.0509545831432269,0.0567816176269059,0.0169611080617439,1.48213181962608,2.69633903820312
399,0.0339087896302061,0.0198271960788926,0.0417684764392764,0.0253043360814012,0.0598364020124265,0.0659946186921755,0.0198266529482747,1.98484799090968,3.50123891172986
400,0.0387026335159912,0.0231769530726571,0.0491203264402411,0.0306465671997003,0.0702663234352167,0.076890555989779,0.0231763181814302,2.62371949301812,4.46560172689197
401,0.0441741850433459,0.0270926329655028,0.0577661562676665,0.0371166172697023,0.0825141537916189,0.0899048462320063,0.0270918908112201,3.41771894426978,5.60886824349614
402,0.0504192458244498,0.0316698414608127,0.0679336963605079,0.0449525711392915,0.096896711179522,0.105481950489066,0.0316689739220799,4.3953158024779,6.95169737681412
403,0.0575471582349972,0.0370203342618618,0.0798907484637896,0.0544427676158212,0.113786012805645,0.124081808330798,0.0370193201559366,5.55023480997114,8.46604661213273
404,0.0656827187215402,0.0432747446626003,0.0939522336822159,0.0659364039544801,0.133618886729979,0.146304756629161,0.0432735592282749,6.89751257344217,10.1552175664665
405,0.0749683612870577,0.05058577161536,0.110488479101751,0.0798563767265973,0.156908255176129,0.173002067133825,0.0505843859085114,8.42766519611867,11.9791984483423
406,0.0855666492546213,0.0591319059448515,0.129934960214208,0.0967148300640691,0.18425637930605,0.205231704288676,0.0591302861319195,10.0783332199722,13.8419012216514
407,0.0976631187660416,0.0691217854530829,0.152803754319925,0.117131981175024,0.216370405330593,0.244105144682092,0.0691198919852473,11.7771103325319,15.6289698788923
408,0.111469523577823,0.0807992849269297,0.179697004587924,0.141858912552896,0.254080610298909,0.288305884223269,0.0807970715748564,13.4465624017179,17.2496677853697
409,0.127227537673737,0.0944494648830502,0.211322746633472,0.171805164694317,0.298361814281657,0.34439038284902,0.0944468776086813,15.0599493042262,18.6931113179897
410,0.145212980138786,0.110405523686889,0.248513510620701,0.208072137478274,0.350358505549987,0.410669921141787,0.110402499324792,16.5124489075103,19.8887651993772
411,0.163813840403276,0.127256051027252,0.288612739568918,0.246171025670956,0.406443284658728,0.488430569438805,0.12778297708181,17.6406336482162,20.7110508524451
412,0.188217095579578,0.149593741182541,0.340869292414438,0.300999630267212,0.47894896770791,0.57876760470436,0.150921077119576,18.3638402573548,21.1281526950539
413,0.216060338036164,0.17553026973667,0.402349824068625,0.367813022217366,0.564474987660849,0.682493109011695,0.177566549097458,18.6661975745999,21.1790312721062
414,0.247670991532461,0.205998175554266,0.474432427295823,0.448237540848059,0.664296839116191,0.800742291937859,0.206985394347977,18.5029325295851,20.8704655134366
415,0.28296378634849,0.241432768930346,0.558376048007607,0.542347584224338,0.780602962325699,0.934325372471015,0.241003332462809,17.895780120008,20.2412768714346
416,0.322077111367913,0.281250927317351,0.655201569012461,0.653187529247335,0.914938676699969,1.08408038162411,0.280149826914619,16.9041034635272,19.3258065554461
417,0.365627213828523,0.326236126027497,0.766668013791324,0.783316164509933,1.06930879134871,1.25019815610599,0.32460592167005,15.6361236685838,18.2158775858978
418,0.4139230054247,0.377801073318922,0.893989460165678,0.93542672930666,1.2452517161983,1.43258345224343,0.374825501619183,14.2035171884871,16.977339286615
419,0.467146939126515,0.436184085207854,1.03896604535399,1.11073024532393,1.4462813863719,1.63060618477121,0.430692526871653,12.7000131810407,15.6742693820494
420,0.525864517043248,0.501833243631923,1.20311228031153,1.31052583924296,1.67467341371959,1.84337986432876,0.496569943122822,11.2554930817951,14.3858261533039
421,0.590235109999336,0.575726880984157,1.38846341640869,1.53654041855994,1.93261045156291,2.06903308953803,0.56958406844356,9.93070873493748,13.1642761742956
422,0.66120261029701,0.657793086837123,1.59649327661388,1.79285051926746,2.2204921459901,2.30507608186072,0.64760655048615,8.74158327737986,12.0073441843413
423,0.739339464275439,0.749275737660607,1.82907864084728,2.08104539561638,2.54139705428713,2.54908408759606,0.736954548058565,7.69054130704658,10.9153105646642
424,0.825306635317715,0.850679501680335,2.08735676435545,2.40069812688547,2.89870250235943,2.79939705370909,0.833001847409786,6.75768823662118,9.88874559456667
425,0.919682259866643,0.963003982312175,2.37260086743392,2.7513125887955,3.29581538595885,3.05449155483646,0.940314153391085,5.94449551593092,8.94869543536793
426,1.02279446198889,1.0873650397822,2.68593362438198,3.13571206029381,3.73494501889447,3.31185166994811,1.05581223049317,5.25622376112448,8.12959134051398
427,1.13531113461973,1.22433900227283,3.02857038631996,3.55594437258464,4.2173406849102,3.56781437697261,1.1765915874316,4.66808526516123,7.42095671552721
428,1.25807899998131,1.37392591242571,3.40128573012336,4.01515385395157,4.74468567959112,3.81893985717893,1.31147355057342,4.15153829377951,6.78917875658952
429,1.39222820792344,1.53605660817337,3.80477547116008,4.51187249910383,5.31844821719938,4.06164438626075,1.4599935958952,3.69943057592833,6.24024063794912
430,1.53868153156769,1.71035457799029,4.24094629970168,5.04166179814023,5.94030996272737,4.29289277087215,1.60459981228032,3.31112814367215,5.77526754482799
431,1.70021809519167,1.89896633841851,4.71887219220311,5.60837546642066,6.61774924181347,4.56493681685449,1.75868110650653,2.98714197809526,5.39700545625525
432,1.87653173950707,2.1012268107063,5.24074023345174,6.21001024900096,7.3469398847144,4.84111394847779,1.91850352656446,2.72401234194209,5.10249902236672
433,2.06970889238365,2.31936183784992,5.81581322758154,6.85488095351336,8.13371848153298,5.1212695095521,2.08090143152841,2.51494128342352,4.88124309811636
434,2.28283990021528,2.55671972458743,6.45561280266929,7.55240833597256,8.98800360254626,5.40520198504005,2.25871346734133,2.36237243414327,4.73939435736043
435,2.51960552441735,2.81813788173486,7.17234936786683,8.31186257356277,9.92121900186222,5.69180009508718,2.42903635112534,2.24974210067248,4.65422581557245
436,2.78362944495615,3.10998912049864,7.97669457070384,9.1429974570615,10.9439337828726,5.97858385631137,2.60632586662966,2.16251880088603,4.609086634838
437,3.07804369731791,3.43911541674175,8.8756602361538,10.0558483644123,12.0665025973994,6.26226862680701,2.79999370438231,2.1038094169068,4.61019791080873
438,3.40517220822584,3.81152800931922,9.87057295929047,11.0593401304169,13.3007190181589,6.53950699049012,2.99280065709877,2.0710107270503,4.65593884967753
439,3.76597714774484,4.23256985234067,10.9547603994695,12.1607242730094,14.6586160038724,6.80672128108533,3.18280017506304,2.06089286234243,4.74042583815275
440,4.1593516726922,4.70796542764786,12.1114825779109,13.3659080186231,16.1482539200971,7.05923859889728,3.38497045760986,2.06881453327824,4.86091728960044
441,4.58165537862626,5.24294267632394,13.3131891577573,14.6775498867998,17.7696491612131,7.29109326772984,3.58375646407369,2.08610589891024,4.99424771204586
442,5.02654837614093,5.83841184077826,14.5221802659015,16.0890133568756,19.5122696436013,7.49623591259047,3.79645280010181,2.12079111921694,5.16179635677299
443,5.48484545049513,6.48694540488636,15.6920018593421,17.5774198286073,21.3526089251947,7.67000474651849,4.05144657921072,2.17099244852322,5.35651562577776
444,5.94437798946133,7.17184114787048,16.7699399319656,19.1017738445559,23.2515568006146,7.80909655273952,4.31795816439655,2.22840461404776,5.56516464390701
445,6.39031276699477,7.86943330677208,17.7017584367089,20.6085347159541,25.1543242476225,7.91017025412818,4.58871952647544,2.29256861129219,5.78304354835963
446,6.80635886434754,8.55224542521916,18.4381632478459,22.0403346056417,26.9947647485856,7.96917753165769,4.87889052137099,2.36237243414327,6.0095286190256
447,7.17667362081452,9.19111898694178,18.9404176315885,23.3408744663109,28.7018546247124,7.98255332001494,5.16865621014666,2.43792735641878,6.24866232356652
448,7.48759091330485,9.75663305066687,19.1833522592835,24.4543197403384,30.204939831408,7.94881691932283,5.44116978873866,2.51830219195936,6.49708447969938
449,7.72841746428898,10.2212386454052,19.1565594564232,25.3255606451854,31.4375175904439,7.86879832667721,5.66697331139612,2.59934467040665,6.737401202665
450,7.8915999531271,10.5625414858427,18.8651211474408,25.9073826366888,32.3418639621044,7.74484935741076,5.84167119321973,2.68008846650093,6.97073108909267
451,7.97323055693693,10.766399003192,18.3296629594954,26.1705602079065,32.8753572212785,7.58043696293896,5.9604604816855,2.76671440158138,7.20851047179839
452,7.97402604059365,10.8281709792101,17.584850699811,26.1074389808291,33.0160642189146,7.38019874603134,6.00308567211431,2.85578396826554,7.43778910577416
453,7.89967984759582,10.7520508991545,16.6763179383442,25.7276933779983,32.7642874658102,7.14954863765281,5.9436310939255,2.95173347797296,7.66713435774291
454,7.75978658731019,10.5497974095786,15.6566183358836,25.0540845752854,32.1398448478924,6.89379225093272,5.79492407765719,3.04978108479729,7.88434927846336
455,7.56611713157281,10.2395965865071,14.5806965922853,24.1223397608868,31.1785822297446,6.61771772614974,5.56018597560059,3.14826207385931,8.104846782486
456,7.33157984739352,9.84450460864599,13.5012937794708,22.9806522153819,29.931014180214,6.32617584601388,5.26943818730535,3.24743852428248,8.3140719364446
457,7.06989294887815,9.3902371034246,12.4645828884409,21.6852171493016,28.4614440001941,6.02493552961426,4.96472761593217,3.3444883270697,8.51486295966623
458,6.79483968094339,8.90335084374272,11.5063281441064,20.295076940716,26.8437548179609,5.72062843876083,4.65475238040843,3.43557912408874,8.68815758930391
459,6.5187032438247,8.41040533363508,10.6494210026411,18.869679612119,25.1533868437033,5.41948591090339,4.3179766901347,3.53573654106343,8.87461476304807
460,6.25084243464626,7.93661367889741,9.90371978202461,17.4665172403252,23.45907265365,5.12595832560898,4.00483441821064,3.63689688652735,9.04760192502587
461,5.99732871573897,7.50237370819155,9.26776841860268,16.1348131536335,21.8175069153092,4.84257614835271,3.77103853301205,3.74774098239687,9.21730064717462
462,5.76138912399384,7.11908947398871,8.7309511189431,14.9071136121982,20.2708205555527,4.57106280281432,3.5581561342665,3.8572483283238,9.37849569233
463,5.54386599758002,6.78780423756225,8.27572347321452,13.7955373944678,18.8454595526061,4.31331913726064,3.37225703550325,3.96001701969346,9.52552306695742
464,5.3435262218652,6.50199711812387,7.88092874007396,12.7967536670918,17.5526467528171,4.07122543816634,3.24758799584987,4.07174325339475,9.68010682535942
465,5.15767778186667,6.25204291538624,7.52632222627249,11.9019534320892,16.3912229464071,3.84573611135493,3.14348860626694,4.18263859378562,9.82133477426873
466,4.98327427138687,6.02807410941968,7.19650708600548,11.1031950978798,15.3517111309627,3.63645267387633,3.04759350495111,4.30820011618629,9.97512936567704
467,4.81796978733869,5.82073794430902,6.8824616372744,10.3915879612423,14.4193344568373,3.44209334740866,2.97952711507609,4.43387510859851,10.1123060621344
468,4.66048261855179,5.62172661512658,6.58074604396529,9.75252822756941,13.5757844109452,3.2613107424942,2.92050656386335,4.56442272292634,10.251850259573
469,4.51039182485389,5.42522446499995,6.29193265256924,9.16685997942542,12.8016893103687,3.09321639243301,2.85770254546584,4.69243812583498,10.3796806712358
470,4.36807837700453,5.22919376772427,6.01949712258568,8.61866171942854,12.0805220563377,2.93744913125038,2.8012832283606,4.82796597557325,10.5212504949002
471,4.23495891682965,5.0350517797284,5.76913825598004,8.10102821113469,11.401899559031,2.79396324596278,2.75327074108717,4.97261315391769,10.6719030596508
472,4.11330440214906,4.84615865753142,5.54777704280737,7.61393231675356,10.7619013720099,2.66270116153877,2.71778262297579,5.11859561807554,10.8133447717904
473,4.00533439135967,4.66676391808117,5.36196137568393,7.158530187107,10.1606149626621,2.54321308119064,2.68746622113485,5.27605539088616,10.964038332229
474,3.9124298756368,4.50187134580959,5.21631553895902,6.73490794062185,9.59943764734362,2.43444036162696,2.67348548479182,5.41874210025674,11.0783526119764
475,3.83530740118449,4.35680521568141,5.11286425784154,6.34333663095303,9.08020068109967,2.3350733093311,2.67917762129024,5.5691088992482,11.2073902002372
476,3.7747152650768,4.2357279713598,5.05132698121955,5.98488344954487,8.60569355059827,2.24444700160469,2.69931060605392,5.72035271161931,11.329451200882
477,3.73151415105401,4.14030145140676,5.02971042369927,5.66051611501381,8.17962730698646,2.16312478840185,2.73939616653703,5.88985860726967,11.4738585118077
478,3.70587512644714,4.07011194483281,5.04465606355625,5.37067443078036,7.80515224787891,2.09243259086418,2.81520211834576,6.06954752137647,11.6244737411996
479,3.69656942598717,4.02444413731276,5.09177145418127,5.11551542691796,7.48311049687793,2.03338715928363,2.91308871563783,6.22981915427991,11.741447616205
480,3.70130347082472,4.00312529169871,5.16634556738242,4.89471217744651,7.21160387012713,1.98614961615524,3.0280743012147,6.39751245800373,11.8667875398228
481,3.7178274271555,4.00528741364099,5.26414347226659,4.70711753173633,6.98695903109557,1.95042192215721,3.17287219697634,6.5682518824894,11.9956157572484
482,3.74471997854887,4.02782269330711,5.38167135228563,4.55104102067003,6.80494846585843,1.92611846127226,3.34027349724427,6.7459752031702,12.1354557092931
483,3.78128580228739,4.0659110598601,5.51594398103243,4.42450018253513,6.66155741014556,1.91352967635513,3.53045898446433,6.93151916987331,12.2792422283722
484,3.82700155246847,4.11523406023765,5.66427572429296,4.32490358150022,6.55342598324543,1.91297426593189,3.74225666188217,7.09883033588079,12.390214627483
485,3.88116527732625,4.17338814911261,5.82436127257268,4.24916569028412,6.47789088568507,1.92455645214898,3.98250844162461,7.26715467928178,12.4967309417231
486,3.94294203386577,4.23951609068048,5.99454999451848,4.19492864719614,6.43231705650334,1.94844710690312,4.23145101079308,7.43704417677765,12.5988533966903
487,4.01164003844689,4.31358132879484,6.17405053668576,4.16162652453462,6.41337533890107,1.98536378483313,4.51134083163578,7.60765475789536,12.7055468708677
488,4.08696159786528,4.39635157007463,6.3627349556128,4.15004482326631,6.41753861437714,2.03654725223935,4.82112222331268,7.77599008226521,12.8074921658975
489,4.16897779619344,4.48918337588667,6.56053401843947,4.16099051501847,6.4426602992199,2.10316461629892,5.15373609583912,7.92853550547856,12.8919264456311
490,4.25778881392979,4.59267532276088,6.76693099867399,4.19451955992457,6.4888240778151,2.1859474530771,5.52507528475214,8.08272514576258,12.9795276422614
491,4.35317796004233,4.70534929895356,6.98090850737465,4.25011402719985,6.55731496771926,2.28552922884161,5.93709046646678,8.22649970311492,13.0468403657345
492,4.45456778229671,4.82432969572272,7.20105747995091,4.32739386180672,6.6487514387306,2.40276158357916,6.36217537159003,8.36603414235801,13.1061750354995
493,4.56120854306937,4.94776337178575,7.42553281994756,4.42689281081752,6.76226581567139,2.53835538027391,6.82146690127844,8.499493177563,13.1580484900513
494,4.6723539016805,5.0762656557984,7.6520735023204,4.5501059342877,6.89629415294164,2.69253978395882,7.31405971866606,8.62079261991669,13.1991473993217
495,4.78737322521683,5.21158755934886,7.87831746259434,4.69824198586918,7.04982869745623,2.86553152730014,7.83655366937898,8.73450274865874,13.233085972446
496,4.90583949403709,5.35404511076204,8.10214206648295,4.8707551999151,7.22276488699844,3.05809462912619,8.41238038728451,8.84114406171314,13.2599088654417
497,5.02748081338086,5.50167171505555,8.32173781058384,5.06551297821401,7.4152065042722,3.27116392875546,8.99786146585411,8.94095814039479,13.2804952894026
498,5.15192756628811,5.65181426454596,8.53562121081814,5.28051834283668,7.626630699259,3.50508246923538,9.64328823198134,9.03733737201694,13.2943159607144
499,5.27849870402826,5.80305826764525,8.74284284007122,5.51509371133012,7.85554618078037,3.75959501935551,10.3085362605252,9.12391499083441,13.3002918143041
500,5.40632445132688,5.95543184570525,8.94308302552165,5.76933373753886,8.09951802854578,4.03426980560479,10.9585518209498,9.20571222787469,13.3016366192831
501,5.53472234073319,6.10922055547208,9.13620749444979,6.04278625789449,8.35541964692441,4.32811568228738,11.6475692474743,9.28002630066899,13.2917317682397
502,5.6634362282971,6.26401348007141,9.32161953183219,6.33365538864067,8.62012056415546,4.6385470993921,12.3935767365575,9.35139308142118,13.2738181167222
503,5.79249639388959,6.41858419136412,9.4982687249672,6.6387213775755,8.89142169339781,4.96151669828788,13.1134579031081,9.41785649354496,13.2555150061687
504,5.92186827004716,6.5711919492285,9.66549571846653,6.95379831302392,9.16836539984095,5.29377931358749,13.8713269886475,9.47877232020052,13.2335544945944
505,6.05129132645465,6.72028805647399,9.82381256743588,7.27493951176953,9.45048680478589,5.63532929970043,14.6123942645309,9.53560322644005,13.2137433283759
506,6.18048449653309,6.86571204007961,9.97468711000542,7.60006683388587,9.73678154858623,5.98880684121887,15.3282550863977,9.58272549207791,13.1852381480412
507,6.30942240895394,7.00930755591044,10.1194678780846,7.92940548007155,10.0253584643471,6.35556196965066,16.0498065448626,9.63101466867332,13.1580821650807
508,6.43829465450401,7.1535917789161,10.2584655248439,8.26368879519657,10.3138119211937,6.7322071602459,16.7254745227584,9.67496563050433,13.1274049453486
509,6.56721659028988,7.2991180050739,10.3910241816648,8.60192258107995,10.5998345758087,7.11143688581456,17.3659403537416,9.71414353120407,13.0906567034656
510,6.69610003611224,7.44329589408724,10.5164910780959,8.94140052423497,10.8817852914614,7.48622270009561,18.0087069607001,9.75036828334497,13.0520021620913
511,6.82481899624738,7.58250862938886,10.6351545472875,9.27960046144316,11.1589504108834,7.85308911656798,18.6022446484423,9.78222700226703,13.0079947551716
512,6.95337648517233,7.71568683670894,10.7482125319372,9.61520093820182,11.4312681222028,8.21200974680415,19.0917896721592,9.81478996732533,12.970742851979
513,7.08184748479525,7.84538869893755,10.8568185257629,9.94740949230297,11.6987792640387,8.56427297059389,19.5305229551199,9.8410827991644,12.9305458478443
514,7.21026181167103,7.97508206330622,10.9612407174303,10.2753751637562,11.9612321516581,8.91065868227562,19.9267624497845,9.87262306998951,12.9048569248609
515,7.33865035558738,8.10579287359892,11.0609858607638,10.5985627032948,12.2178206939326,9.2507605987667,20.2445245620055,9.90635367806995,12.8776950853736
516,7.46715380163782,8.23585604039556,11.1557147594808,10.9168997801764,12.4671041003022,9.58327516235367,20.4258069038762,9.93558062478849,12.8462916563115
517,7.59594566597975,8.36356109290718,11.246116080278,11.2298573542653,12.7076083119778,9.9069676458782,20.6009425422745,9.96753158384898,12.8153325912246
518,7.72501378281459,8.48925686753108,11.3339671872706,11.535478987096,12.9388884963558,10.2215300876868,20.6870370460766,9.99268166286199,12.782601926764
519,7.85414633645644,8.61481209043548,11.4211779330362,11.8308953554256,13.1616413069682,10.5272490283519,20.6517819950103,10.0264701040451,12.7587307233033
520,7.98325652205695,8.74182582341198,11.5085273808522,12.1142367644356,13.376290776049,10.8236570958017,20.5653023365692,10.0614957343865,12.7408741729226
521,8.11264508657154,8.87078327535279,11.5953266881131,12.3858392722536,13.5817306751358,11.1088720470612,20.4316575040208,10.0945001343929,12.7248880508062
522,8.24275887479918,9.00118982829369,11.6804891472913,12.6470067344247,13.776066387616,11.3806778268265,20.1974711650265,10.1303098059109,12.7086632752204
523,8.37369942243311,9.13176447954902,11.7640146071548,12.8976045632878,13.9586292398069,11.6382178847748,19.9051162313019,10.1706392442118,12.6935739337787
524,8.50519858422981,9.26113765339862,11.8473570806369,13.135531281862,14.1308131667783,11.8824289324112,19.5921882632074,10.2137651692491,12.6837730360869
525,8.63717066718439,9.38944403823758,11.9322490498658,13.358796968155,14.2947224129082,12.1148457781141,19.220364498646,10.2585616656824,12.6768074294588
526,8.77006317378875,9.51894655732309,12.0191885108388,13.5676524919745,14.4511626699833,12.336039857325,18.776438602309,10.3060053076755,12.6764523775182
527,8.90444453193577,9.65194257762347,12.1071785997465,13.7644854842818,14.5991056405338,12.544967421782,18.3302594874643,10.356095363164,12.6802957232668
528,9.04035078557096,9.78794260064356,12.1949555634792,13.9520726945211,14.7370576514702,12.7394239326046,17.9008546722082,10.4062981565995,12.6808447726595
529,9.17726664974202,9.92389969502119,12.2823452177204,14.132056727212,14.8647761429309,12.9171027009537,17.4273337908397,10.4567703498043,12.6869260437324
530,9.31474949328818,10.0576979015694,12.3703516723299,14.3044241817955,14.983543990966,13.0768061794644,16.9335836672676,10.5102513284769,12.6962181556537
531,9.45291608810211,10.1908074051627,12.4600711636966,14.4678424106138,15.0949429749864,13.2193452326713,16.4598442781951,10.5651883836203,12.7038338367627
532,9.59228886060988,10.3268116488827,12.5517454186488,14.6207821839861,15.1997883919675,13.3473646713089,15.9581222476312,10.6273816629866,12.7181801313597
533,9.73325001068475,10.4674192837813,12.6448166626463,14.7629597794908,15.2983627915286,13.4637613940358,15.4968765266767,10.6875807984079,12.730238720154
534,9.87567857944289,10.6105780896596,12.7385209613609,14.8958220968254,15.3909842738273,13.5698163197679,15.038841886872,10.7518326434032,12.749658963205
535,10.0191320554392,10.7528932212205,12.8322979702221,15.0213785347696,15.4776240483498,13.6649733274398,14.5823060803339,10.8201459827477,12.7748317797592
536,10.1634149369089,10.8935609903183,12.9260805245403,15.1405168872067,15.5574252710477,13.7487778636764,14.1574046853762,10.8931211094056,12.8016356390426
537,10.308921972703,11.0352849321109,13.0205363490998,15.2525799578437,15.6296264364646,13.8228681725749,13.7700125903462,10.9628143905035,12.8296986515998
538,10.4563221890852,11.181252950288,13.1166779340257,15.3565307603271,15.6949308168535,13.890302995086,13.3722942553388,11.0307492524545,12.8580047100214
539,10.6059133520116,11.3318944229536,13.2147903447977,15.4523504239799,15.7550822806332,13.9526456608768,12.9793278677577,11.1008444370127,12.8866233605639
540,10.7573635293035,11.4850192761361,13.31384319567,15.5411880176286,15.8109163762876,14.0086659801908,12.6073275800131,11.174233912229,12.9107134517159
541,10.9100498263984,11.6384002812608,13.4122181809142,15.6242465418211,15.8615095611377,14.0567548940077,12.2638507624342,11.241115333234,12.9307112947279
542,11.0635676421317,11.7912544557288,13.5089973888519,15.7019288938408,15.9055587915952,14.0977137619544,11.948899966441,11.3191827011848,12.9590297982691
543,11.2180269872448,11.94369034973,13.6044906717503,15.7742975288072,15.94318208241,14.1338248993579,11.6756560734456,11.3986541690204,12.9892362996552
544,11.3741204012209,12.0962625103952,13.6996252220357,15.8417813060435,15.9760339325801,14.1658342060769,11.3766009035254,11.4787727819543,13.0161309351048
545,11.5329513647218,12.250389273576,13.7948914768851,15.9047744180043,16.0058600798298,14.1927058131621,11.0882856879424,11.5528701636297,13.0404699286481
546,11.6955014563172,12.4077246446996,13.8898202375597,15.9630171911028,16.0332161759561,14.2144332842387,10.832238439218,11.6295780876356,13.0673755450855
547,11.8619573486942,12.5681199743669,13.9834613217552,16.0161654435444,16.0574475430972,14.2332352195885,10.5876245062052,11.7007647804985,13.0922796934703
548,12.0315283229713,12.7291166029049,14.0753530945217,16.064638247211,16.0775383151152,14.2510869156016,10.3605979306852,11.7723306828193,13.1120315623544
549,12.2030679870065,12.8884996260792,14.165861522597,16.1094233271903,16.0929574204652,14.2672788013306,10.1333391350137,11.847430992984,13.1347717240663
550,12.3759874476271,13.0467973782871,14.2554757578425,16.1517809096697,16.1041023872565,14.2794391753888,9.92846969136325,11.924600117682,13.1625441064783
551,12.5506238954842,13.2063796328213,14.3440519328791,16.1935035252043,16.1122550274833,14.2862601147636,9.73200320895798,11.9946491821709,13.1826993436496
552,12.7277921098293,13.368559409839,14.4310905767761,16.2358241082415,16.1190138010539,14.2883383084531,9.56148206140099,12.0658885836843,13.2020756627491
553,12.9080119639536,13.5324319474067,14.5165409504866,16.2766410704274,16.1254033755294,14.2868029487372,9.3933588070008,12.1419105631687,13.22320454751
554,13.0910842816746,13.6963335471488,14.6007815212607,16.3102971419693,16.1311426596427,14.2819837516842,9.23911835430282,12.2188900831377,13.24160721902
555,13.276285851067,13.8598034319012,14.6838527387643,16.3326991546479,16.1346666866452,14.2735095952733,9.11354178926257,12.2969655037989,13.2617565996644
556,13.462977936475,14.0240958156276,14.7653624501512,16.3468154201041,16.1341953516886,14.2613835999286,8.9869040151555,12.3762839701352,13.2840670387183
557,13.6511151744679,14.1908713714502,14.8452835082382,16.3610113424771,16.129132375141,14.2465772810029,8.87328423354065,12.4539465063672,13.3056812831423
558,13.8411022091449,14.3601283263363,14.9241359398927,16.3807222235031,16.1203815129474,14.2300234082453,8.762639568419,12.5270892758164,13.3199382657048
559,14.033000940837,14.5294216527389,15.0019860649941,16.4026643285377,16.1091865959998,14.2110752965349,8.66056590081963,12.6029465407679,13.3352874905257
560,14.2259957093661,14.6956389037567,15.0778388685142,16.4185414367845,16.0957924619871,14.1879885410817,8.6002157765094,12.6815549044512,13.3514170975501
561,14.4189831500995,14.8578135945402,15.1505915511633,16.4243324677578,16.0793441123917,14.1603365161252,8.53606187424826,12.7538345697479,13.3636828609819
562,14.6117446977391,15.0178884247887,15.22032152639,16.4246450851605,16.0590175205836,14.1298777219736,8.45992572748281,12.8250395642256,13.3763073366836
563,14.8052427648792,15.178609622394,15.2881925328971,16.4271140656253,16.0351323076686,14.0984127465168,8.40568379794735,12.8996816019565,13.3883029678142
564,15.0006900601677,15.3410590216239,15.3552381419478,16.433331842838,16.0089386479177,14.0658227290586,8.36184193156853,12.9846296449951,13.4033937733877
565,15.1985854359149,15.5041658154506,15.421503302301,16.4369372632238,15.9810052539951,14.0309666661191,8.3122541148347,13.0680842762687,13.4209479805695
566,15.3985845647513,15.6657310170885,15.4861554827783,16.4308657932143,15.9499051744185,13.9935283420054,8.277143725819,13.1552006946249,13.4436573955154
567,15.5997611784695,15.8235662428705,15.5481198032174,16.4147776217214,15.9131551537365,13.9539999077033,8.24643781565936,13.2428808027159,13.4661039988187
568,15.8008416951567,15.976676876549,15.6067761823635,16.3944214020666,15.8699320591911,13.9124625471,8.23046054290581,13.3301641317988,13.4802606883588
569,16.0007853208694,16.1263826844986,15.6624435120792,16.3753643746479,15.8224843236497,13.8684266691,8.22233550604883,13.4254203763389,13.4984942526558
570,16.199563681826,16.275741831242,15.7162265686535,16.358884225999,15.7741933362238,13.8218804940514,8.20754952765812,13.5226971191492,13.5183281129159
571,16.3980560694217,16.4266096470754,15.769099358765,16.3424018027103,15.7262345675932,13.7739280505562,8.20688208740743,13.6185946522707,13.5351026699602
572,16.5968755452684,16.5772456366599,15.8210713075222,16.321356910444,15.6766196823255,13.7261730321781,8.21918881483075,13.7159621710903,13.5490748789043
573,16.7955809226121,16.7239581788636,15.8714661815315,16.2911356148767,15.6225520786351,13.6794706674912,8.23954422175623,13.8265354030612,13.5751525288577
574,16.9932587133899,16.8655103314144,15.9199484774922,16.2501357274719,15.563197847396,13.6331426349932,8.25811207735586,13.9414380650215,13.6032477523125
575,17.1894686189262,17.004918261838,15.966901430671,16.2024032813278,15.4999312725238,13.585483186958,8.24155409245773,14.0585193512037,13.6400670045837
576,17.3842024749764,17.1460229352059,16.0128175382925,16.1556944078155,15.4344544620236,13.5355641384685,8.27694380864779,14.1771628632224,13.6749902062856
577,17.5771963327032,17.2888409370883,16.0577736847286,16.1148125520361,15.3673669719322,13.4848105546074,8.30074298994812,14.3013334629007,13.7101908609472
578,17.7678275222682,17.4294817974459,16.1015835929512,16.0767162615609,15.2984016011288,13.4362811026632,8.34115239134724,14.4253327594649,13.7452685285448
579,17.9556888573049,17.5646202319992,16.1440070548825,16.0336341992575,15.2272532719837,13.3920231936154,8.37936846789819,14.5564806667571,13.7838557198603
580,18.1408470701432,17.6947380406986,16.184642684873,15.9816477499542,15.1538764266939,13.3516431067807,8.42000338744815,14.7049814331069,13.8294561020846
581,18.323424019088,17.8224061663321,16.2230967564658,15.9249535781061,15.078460357708,13.3137938564552,8.47661712663308,14.8587516003804,13.8773463863092
582,18.5031663098285,17.9485718947778,16.2596562103097,15.8703518144434,15.0014482305586,13.2784128184596,8.52581527735952,15.0124485611949,13.9260887951911
583,18.6794448599732,18.0717822710741,16.2955139808553,15.8185551081868,14.9232158236926,13.2470264697645,8.59865375602928,15.1573241436917,13.9750676613448
584,18.851464773345,18.1905942687302,16.3317772949668,15.76336951058,14.8433577856468,13.2213141644191,8.67116841114024,15.3074705912413,14.0227214882976
585,19.0185816071476,18.3053053294627,16.3680669671711,15.6997224756362,14.760580578235,13.2017282232408,8.74393211189221,15.4615994701643,14.0745824977299
586,19.1806935467959,18.4169187381169,16.4023153451806,15.6299200196067,14.6738399904989,13.1873106439285,8.8233556875075,15.6339713986872,14.1332634326846
587,19.33814056071,18.5255862847173,16.432264235208,15.560408592746,14.5836344796666,13.1769341822388,8.91578014220744,15.8150036513179,14.2001632710145
588,19.4908320946557,18.6310252743819,16.4573396225146,15.4941253925912,14.4917504437893,13.171126801055,9.0251052973904,16.0007357586208,14.2650352869208
589,19.6376690709287,18.733492483333,16.4789927402873,15.4280228899895,14.3994301929211,13.1726457991575,9.13008794865722,16.1873829466621,14.3378575380327
590,19.7773684244833,18.8327226322524,16.4990292767517,15.357189692908,14.3059690148634,13.1850036652082,9.24552047661747,16.3828734749589,14.4158408534355
591,19.9098577418201,18.9263563090939,16.5176005780907,15.2794924814453,14.2094728889726,13.2105616555421,9.36840391251109,16.5782395522752,14.4956770275221
592,20.0363292179089,19.0115906203617,16.5330130837856,15.1962665824411,14.1089509539252,13.2501905718481,9.50995317717935,16.7679394496596,14.5651822882365
593,20.1577021487611,19.0891189163145,16.5434969818885,15.1098416181803,14.0052230751741,13.3043661181193,9.65857512188053,16.9616437403551,14.6428186044231
594,20.2733483544101,19.1637275791977,16.5488321883934,15.0212104572007,13.8996555662104,13.3741600723307,9.82223526589345,17.1669146515834,14.7240405791767
595,20.3815168169277,19.2392863582035,16.5501066250455,14.9302084757701,13.7925141458548,13.4616311520732,9.99713694878725,17.3882983044527,14.8202267121106
596,20.4807904277207,19.3135435896778,16.5482344907182,14.8372467676456,13.6829601553327,13.5703007429545,10.176537953199,17.6068854705856,14.910717372678
597,20.5710524242896,19.3795544233278,16.542973501255,14.7433089152208,13.5703172280369,13.7053635670478,10.3798423743616,17.8237449642845,14.9975403833025
598,20.653298145712,19.4328241208914,16.5331508814909,14.6476162393604,13.4547742645614,13.8721937741197,10.6018920570662,18.0468562895878,15.0805566514712
599,20.728578598278,19.4756983451703,16.5176245959642,14.5467536248302,13.3369295962203,14.0738172509596,10.8277180786191,18.2721345260796,15.17124496982
600,20.7968883389004,19.5135837838055,16.4962093018572,14.4376489930589,13.2171729858367,14.3106491851547,11.1015985609492,18.4970760128596,15.2621089839744
601,20.8569830534494,19.5479752041904,16.4698123314595,14.3211488501373,13.0955855377606,14.5837342149606,11.3907003592722,18.6891917233933,15.3301398640531
602,20.9069538974144,19.5746912662542,16.4393071613314,14.2018814580687,12.971997766424,14.8978927503162,11.6736842813547,18.8843381813324,15.3960770357811
603,20.9464766584504,19.5900291749409,16.4046777776117,14.0846327752274,12.8460664387043,15.260652719527,12.0021619811973,19.0859560902532,15.4726145211166
604,20.9761332353173,19.5947787552191,16.3645983879972,13.9705216433656,12.7174719922195,15.6779821317458,12.3704502198872,19.2986867396606,15.5578635901489
605,20.9969503523553,19.5925830895583,16.3177691712192,13.8576851974885,12.5863006435589,16.1520600887224,12.7409745629422,19.513540376381,15.6384493996728
606,21.0099222144313,19.5860972670684,16.2641040936947,13.7425363602936,12.4531870167351,16.6839310923119,13.1833642292533,19.7240162668491,15.7159898152323
607,21.0149979196732,19.574403165751,16.2045519140784,13.6226383443013,12.3188045139852,17.2775668088922,13.6680644016659,19.920129050048,15.7940719595257
608,21.0108821220556,19.5548441681731,16.1402535563898,13.4984375379871,12.183472141523,17.9399142301569,14.1786395922546,20.1207952750009,15.8799725671706
609,20.996341549018,19.524898709674,16.0713488123796,13.3712214355618,12.0471618067089,18.6771013984875,14.7357837105419,20.3190749693881,15.9598409521548
610,20.9712477739308,19.4841345149121,15.9975483902425,13.2436246016863,11.9098172387657,19.4926377146707,15.3470825936802,20.5161101539712,16.0300460678284
611,20.9364483292598,19.4337038265574,15.9179888503616,13.1138490481186,11.7710119471539,20.390870545012,15.9993641909511,20.717574329328,16.103765099615
612,20.8927392098506,19.376780458109,15.8322294461163,12.9815752568714,11.6309050079551,21.3816673746549,16.7580905182174,20.9282625185274,16.1823157660569
613,20.8402841394568,19.3169809013398,15.7405419858531,12.8465166531968,11.4901315183701,22.4806642739573,17.5885027036467,21.1327354793518,16.2575574948257
614,20.7786830906525,19.2542623985862,15.6438050577066,12.7115912832941,11.3479811174859,23.704949935999,18.430129170529,21.3279697850419,16.325068608146
615,20.7073358102165,19.1856802014761,15.5423986595423,12.5727205551971,11.2036734569248,25.0683795219215,19.4275614300387,21.5219961841572,16.3958813384808
616,20.6265258388038,19.1085532510694,15.4362763530189,12.4314241446003,11.0571225200557,26.579052923034,20.528773507607,21.7071792430171,16.4568404623822
617,20.5370440624382,19.0204244217056,15.3238959886177,12.2889257170675,10.9093351584281,28.2373670832789,21.7081512800534,21.8878527839984,16.5204277027097
618,20.4398118795804,18.9233002899946,15.2058969799808,12.1433693004494,10.761924698292,30.0313575835869,22.9844550205077,22.0527137298209,16.5703106701967
619,20.3359769412606,18.8208133841172,15.0830634637228,11.9937653875995,10.6145404876442,31.9287670441899,24.4167729921511,22.2225453942141,16.6202814855864
620,20.2252584866893,18.717237445556,14.9576671292313,11.8435084818968,10.4676160587163,33.870347940775,26.0079995933702,22.3799466018574,16.6669433633032
621,20.10713143855,18.608800616968,14.8288139229918,11.6938262967556,10.3209515796972,35.7700242079873,27.7306259999053,22.5364107668247,16.723905407626
622,19.9808444375437,18.4929105892385,14.6958137760552,11.5491103568449,10.1735205905249,37.5220128728686,29.6517717853301,22.6808251486293,16.7716287808352
623,19.8478343518512,18.3673489746409,14.557479122861,11.4065947071512,10.0256893274834,39.0105041522033,31.733262139152,22.8214108326246,16.8155527322473
624,19.7088500836613,18.2345736953006,14.4139224584619,11.2626630240802,9.87757161692413,40.1205876354881,33.9928975870936,22.949492853411,16.8484956958063
625,19.5640907406947,18.0986574979784,14.265666836971,11.1159980116384,9.72974083444731,40.7525354719209,36.4687451657028,23.0680653551644,16.8824855135407
626,19.4147198186293,17.9595163009572,14.1145032392798,10.9672522741258,9.58198337220451,40.8368952457083,39.124240824195,23.166183972254,16.9077930302126
627,19.2595882920624,17.8158687285429,13.9611323940461,10.818031314109,9.43460574042678,40.3425714175333,41.9072982972409,23.258145926136,16.9213362485646
628,19.0984961623239,17.6655610856156,13.8052716080066,10.6692044228757,9.28786118948231,39.2748716204114,44.8926980335856,23.3440756677907,16.927558808348
629,18.9313001597085,17.5068131018619,13.6461138366729,10.5203360984015,9.14172979744681,37.6693460378878,48.0003254559321,23.428541280264,16.9273465092495
630,18.7585365843522,17.3419878071071,13.4836081860613,10.3755171808597,8.99583709575267,35.5877366127071,51.0993545766249,23.506594006923,16.9326832693461
631,18.5803341153307,17.17443778197,13.3175213443491,10.2314565197228,8.85033441361557,33.1158747823561,54.1258761474693,23.5707960715261,16.9298940984314
632,18.3977420963689,17.0045690540483,13.1481702741211,10.0885745081734,8.70581059346756,30.3598943344519,56.9979037988904,23.6149395663445,16.9107212936401
633,18.2105292004528,16.8316732822816,12.97510757243,9.94568969980515,8.56124028285104,27.4390727845772,59.4943730222033,23.6551152710813,16.89578715016
634,18.0188797248226,16.6548057966835,12.7996619017417,9.79999162030271,8.41734771566708,24.4763968608593,61.5135455998662,23.6844857024596,16.8719218032261
635,17.8224733800472,16.4726876968585,12.6226372563603,9.65166824273433,8.27246974708033,21.589106797393,62.69028811751,23.7076848293385,16.8531443139974
636,17.6222098658952,16.2872696724298,12.4434763695485,9.50141574087131,8.12866081431835,18.8811012352528,62.8376801574832,23.7247492549474,16.8250695883866
637,17.4181289969106,16.0972248789026,12.262655319903,9.35109151098028,7.98634903891074,16.4369178469129,61.8776566692343,23.7264476447978,16.7891178341558
638,17.2100720032814,15.9022635846569,12.08001576575,9.20324343717828,7.84572094984333,14.3151047712182,59.6821453234352,23.7152324152684,16.7445423441311
639,16.9989376954831,15.7048391658813,11.8962145357127,9.05566944052553,7.70637878743679,12.5412161357792,56.3709270934899,23.6977799954265,16.6912406290926
640,16.7836981583804,15.5088538958293,11.7122045381938,8.91011627198378,7.56813520190861,11.1053051723206,52.0726505982954,23.6669161522832,16.6208232143205
641,16.5660351592055,15.308071453429,11.5268935728893,8.76471195767423,7.43081754567454,9.96795953115657,47.3036414582213,23.6231020865306,16.5506766639155
642,16.3448930660856,15.1042252966174,11.3409799733748,8.6215629861308,7.29500569507358,9.07256507409502,42.1978108345313,23.5710156909033,16.4824627673726
643,16.1215436810529,14.9008604436266,11.1540688564312,8.47310854609445,7.16008158574225,8.35836390913828,37.2203306280978,23.5067038166116,16.4035021440508
644,15.8947094796061,14.6956162379455,10.9668211056616,8.33268954553917,7.02752907180642,7.77142300943434,32.6809750324191,23.4341196124451,16.3192120812911
645,15.6635368165556,14.489083068024,10.7794142370211,8.19169386142461,6.89580377794347,7.27226768730937,28.6218708732793,23.3546466804802,16.233758033819
646,15.4308046196499,14.2782408474219,10.5922195228246,8.05337276143248,6.76468917875745,6.83793767610217,25.0311326010511,23.2635485628153,16.142784209786
647,15.1964413933114,14.0664753204039,10.4055953984935,7.91520345827114,6.63444328494261,6.45775239330155,22.011250555622,23.1554445847087,16.0398557503105
648,14.9613912576942,13.8513524816496,10.2199999832372,7.77809342793404,6.50608100148369,6.12615558818327,19.455749158474,23.0519818961071,15.9348775064356
649,14.7254686108986,13.6358274342567,10.0340160384605,7.64330830852142,6.37972988596075,5.8372458625772,17.2946875279178,22.9477798222688,15.836414648687
650,14.488494896633,13.4216805729857,9.848369131422,7.51181196296535,6.25483321228854,5.58471126352224,15.4993505881329,22.8125967749528,15.7247746055147
651,14.2517998646384,13.202276020815,9.66216374415177,7.38212721082154,6.13092553002322,5.35882533862564,13.9585143874488,22.65907550964,15.6058944310179
652,14.0152578467218,12.9823715550302,9.47687083427607,7.25083830068114,6.00867009352308,5.15449452856594,12.6264794566444,22.5065937760461,15.4802646093209
653,13.7788370163336,12.763754311103,9.29187411589413,7.11853224944802,5.88589451129036,4.96936653926471,11.4679879478429,22.3525234622903,15.3466625904426
654,13.5422901687071,12.5452798503821,9.1097102638502,6.98716076872845,5.76629169037852,4.80065380213613,10.4674515179749,22.1888777436884,15.2079361105662
655,13.3064799438705,12.3281507180091,8.9285392683097,6.85802629054163,5.64706246369859,4.64417287638433,9.5768038538995,22.012852812858,15.0693340818855
656,13.0722570778914,12.112777619977,8.74796614845416,6.72270397854054,5.53097993363748,4.49524053492416,8.80833236169877,21.8360226109778,14.9319472825271
657,12.8393003806741,11.8969780243684,8.56932734248985,6.59082950949921,5.4161318157995,4.35242017681048,8.12925763474504,21.6442436501559,14.7804169708141
658,12.6071721179375,11.6825853456743,8.39166106908107,6.46167953626759,5.3023388418824,4.21774283969988,7.538085008553,21.4421718611888,14.6222834250722
659,12.3760486759922,11.471166542846,8.21612738018163,6.33392474694417,5.19018873930347,4.09348263790377,7.00647448697223,21.2362274505371,14.4628350890513
660,12.1462356595819,11.2623250609003,8.0419567483482,6.20854970257196,5.07897927869608,3.97955056334108,6.53571535373817,21.0300194966327,14.3067630407622
661,11.9184144992656,11.052813511431,7.86939796956177,6.08361752342226,4.96965701049093,3.87363425289652,6.13900599852363,20.8088847457242,14.1385694460152
662,11.6914353547874,10.8453143645041,7.69908424876136,5.95843506427691,4.86190430242109,3.77089490698729,5.80021388976152,20.5878524838584,13.9700127466032
663,11.4663630608277,10.6418353005187,7.53098542052731,5.83541735847011,4.75545684541965,3.66925600012077,5.48530483489279,20.3695654642077,13.7960263147308
664,11.2426582950318,10.4393884462769,7.36522182792979,5.72043403584008,4.6515160176166,3.57113348324445,5.19464244481631,20.1442213419028,13.6237455963048
665,11.0199187069929,10.2367246272925,7.2009102277964,5.60421086379462,4.54864151637566,3.47888689125302,4.94960890405097,19.9126107467016,13.4493374944989
666,10.8007200224908,10.0360186391839,7.03888615458905,5.48976318202503,4.44632834260964,3.39247409205715,4.73342317383215,19.6771641330452,13.2716219191516
667,10.583628642169,9.83574542756728,6.87929364058769,5.37787758089566,4.34520652200089,3.30972259964098,4.53502299505385,19.4424422633336,13.0956201099752
668,10.3694388411917,9.63944342728204,6.72255236103085,5.26709281581128,4.2474817723706,3.22885820188264,4.34229940810478,19.1947335677833,12.920962373712
669,10.1572721926602,9.44627474566067,6.56822931799465,5.15948283636776,4.15127919452044,3.15013027777846,4.17306304386466,18.9484816807683,12.7533185604235
670,9.94761197970129,9.25229398959138,6.41602830025987,5.0519471396909,4.05595693686259,3.07409073699134,4.01398328505465,18.6940013877541,12.5724990258431
671,9.74003982598966,9.05430537533293,6.2656879917276,4.94711972136816,3.96261639107323,2.99954958391863,3.86830746727358,18.4349383704022,12.378267312699
672,9.53441120757307,8.86191324628723,6.11880195220867,4.84185631793406,3.87122581367741,2.92853986625407,3.73203283333827,18.1713072700044,12.1852361875601
673,9.33188896026294,8.672379856792,5.9743838011476,4.73816355311371,3.78208891387543,2.85987052772593,3.6030652963026,17.915033418743,12.0085996772858
674,9.13165923708056,8.48554134472422,5.83241887328854,4.63875132420234,3.6964963662894,2.79335784081538,3.48445806340849,17.6559337981616,11.8257918518382
675,8.93423648015834,8.30230029680945,5.69126619564283,4.53760127388877,3.61140807382632,2.72816074410014,3.37292152458184,17.3887741464367,11.6387146183132
676,8.73926547354371,8.12042589837878,5.55260144019208,4.43545407811751,3.52915194025214,2.66347969705256,3.26802224115125,17.1185983885982,11.450974133122
677,8.546685958683,7.9415142504145,5.41658081364159,4.33662102975271,3.4486976641471,2.60032787153812,3.15975605376801,16.8498574773574,11.2612724435002
678,8.35650182853374,7.76415315438389,5.28289339518861,4.24046532301263,3.36969477796671,2.53914011072029,3.05848051609437,16.5790667852627,11.0724960851215
679,8.16915395690051,7.58985541399611,5.15166000186602,4.1461876554181,3.29230204655908,2.480351433425,2.97671055385058,16.310084292707,10.8796047845613
680,7.98450169704667,7.41714333049508,5.022539261577,4.05096075020646,3.21541687459392,2.42269525097286,2.89209381683251,16.0497840861968,10.6925539054072
681,7.80218363027194,7.24706680154052,4.89601816070974,3.96001485158592,3.14118590870144,2.36704564571725,2.8071255214019,15.7858601599627,10.5071216238627
682,7.62238935926004,7.0796083351909,4.77256712081994,3.8704323207497,3.06766226537571,2.31089461783987,2.72724320846154,15.5029318369545,10.317736186691
683,7.44565058239071,6.91516756564315,4.65184940210717,3.78343783553025,2.9960713379676,2.25625903284112,2.64633109674535,15.2208087849959,10.1317724253344
684,7.27101269353845,6.75359526155356,4.53291172797566,3.7011807369176,2.92572639761763,2.20414242134166,2.57535949684524,14.9487589418053,9.95755978511222
685,7.0985992659363,6.59559057027663,4.4171392656909,3.61737666659336,2.85696479351815,2.15329305627126,2.5063200231174,14.6861380905426,9.77859384128138
686,6.93001227522776,6.4438935529438,4.30397947992599,3.53695973270899,2.78857845151605,2.10273028522949,2.43728614812092,14.4209403719208,9.59299098839218
687,6.76554713348578,6.29219128344167,4.1932166383287,3.45759298054356,2.72264610129794,2.05358882383578,2.3768047082545,14.1598993160448,9.40904846086636
688,6.60575604544488,6.14531684074723,4.08528213278491,3.37836413893656,2.65982916046719,2.0046375418736,2.30505278211708,13.8989783187617,9.22622599410155
689,6.44923049337756,5.99855065623596,3.97973760188696,3.30060243398085,2.59797575845679,1.95688105877647,2.23920711195073,13.6314343331267,9.04584203870596
690,6.29636901741814,5.85309370419284,3.87613123092091,3.22528014110009,2.53827315078982,1.91058573911088,2.18154443596012,13.362374973789,8.86824579009333
691,6.14602077756301,5.71034120114087,3.774519895647,3.15156708887834,2.47960649907945,1.86557124386461,2.12072017707572,13.095210197612,8.69779011184857
692,5.99825278199046,5.57058763016787,3.67567505779399,3.07893678553554,2.42237933125174,1.82094023033166,2.06357394004795,12.8250395642256,8.51905037636751
693,5.85326264653187,5.43429290766065,3.57783598080277,3.00807248213078,2.36694007220244,1.77838690303017,2.01084517506045,12.5508081685547,8.33975353876937
694,5.71004562606605,5.30056626876167,3.48155996095704,2.93752164401999,2.31190338841618,1.73726903470564,1.96411247732131,12.2935606713877,8.16326636992989
695,5.56880305721883,5.16936444721575,3.38667826814225,2.86659350070302,2.25697473591871,1.69569059408603,1.91513513618786,12.0402978017877,7.99600176675522
696,5.42932210954973,5.03907103685644,3.29481293549907,2.79495344913734,2.20389126944858,1.65512024150754,1.85975645307855,11.7877040392237,7.82798020748456
697,5.29196003883665,4.91381723524753,3.20478421228679,2.72585762685528,2.15125796619684,1.61544889240467,1.81105245131475,11.5327105689314,7.65960140007574
698,5.15634035526864,4.78921333812412,3.11635579322745,2.65988367677645,2.09887893484733,1.57614429764506,1.75728252035554,11.2855077300132,7.49708644018043
699,5.02278496029741,4.66715288295004,3.03035804047982,2.5949104019722,2.04693660654213,1.53769558849045,1.70873757842827,11.0398297816374,7.33194409592482
700,4.89071701656874,4.54812715322961,2.94643636888562,2.53202750883524,1.99542481644078,1.49906002768267,1.66577779057579,10.8038092293419,7.17058506801751
701,4.76082487167021,4.43047800486584,2.86491192082003,2.4734975629564,1.94552988957304,1.46326848580091,1.61317014411973,10.5630295251424,7.00270479745722
702,4.63275813856307,4.31487192462742,2.78513664635038,2.41247677742872,1.89540005193535,1.4279794285606,1.56481686370722,10.3206465994893,6.83822716899965
703,4.50739444314668,4.20302224961023,2.70704287505656,2.35383290508224,1.846673712939,1.39351044787609,1.5330413565111,10.0856260474247,6.68254018735134
704,4.3840827338573,4.09259393197734,2.63134117578318,2.2984606759361,1.79835314625234,1.35936879704743,1.48654982598321,9.85212526145031,6.52636711397408
705,4.26429600270245,3.9861605473391,2.55858773125236,2.24240201416357,1.75180195834488,1.32699183417649,1.44165194177791,9.62207249969809,6.36712009606383
706,4.14879455160896,3.88305659573545,2.48679343586559,2.18889748526069,1.70704610051863,1.29594945417151,1.40253590912731,9.39604902145302,6.21084672966417
707,4.03730577068927,3.78039478268078,2.41680974693241,2.13574630681809,1.66395713426623,1.26663212338627,1.36519814727619,9.17301749119007,6.0617088091714
708,3.92963091159319,3.6803947586484,2.34830439856533,2.08448456102761,1.6227051967683,1.23630440291973,1.32212323192561,8.95607820245081,5.91948451863089
709,3.824841662029,3.58187455015611,2.28178160757397,2.03475952281284,1.58255576993734,1.20725245304575,1.2853043656893,8.74576336619267,5.78735029179559
710,3.72262266560481,3.48567827731823,2.21674703348078,1.9864134518115,1.54395109707216,1.17929112824992,1.25193634940757,8.53880138575987,5.65228048087424
711,3.62286783572711,3.39233224391033,2.15314348435804,1.93913498942939,1.5053977423966,1.15107367378696,1.21538851758961,8.33822008029949,5.51681389025847
712,3.52534060577904,3.30032106288908,2.09160205110875,1.89252619178075,1.46841376633479,1.12419270476584,1.17696533249316,8.1442185713802,5.38800470654506
713,3.43052372717484,3.21181774202722,2.0312821220972,1.84784458117188,1.43180762803388,1.0984629741995,1.14106852745503,7.94515776407467,5.26378045129321
714,3.33792370372767,3.12477123436265,1.97249656318601,1.8023293797225,1.39575317494811,1.0729574970769,1.11269386369417,7.75329607995395,5.13983438106697
715,3.24788638593196,3.03912716499733,1.91551419054902,1.75728841040509,1.36071931779605,1.0469254935198,1.0852703666224,7.56846221590381,5.01315550899704
716,3.15981698555045,2.95652059012871,1.86015270452563,1.71348344904694,1.32656518846484,1.02140825573235,1.05411174807996,7.3879958492017,4.8865395945908
717,3.07445562841403,2.87670263606038,1.8058580491381,1.67222700250105,1.29317894630505,0.996952508381695,1.02494504579167,7.19486769333909,4.76200933581078
718,2.99120348570238,2.79782168708919,1.75306007312215,1.62960590327395,1.26039853671257,0.97286565270658,0.998433364584656,7.01464290795191,4.64935025696572
719,2.91031787231381,2.72194072490591,1.70177432872007,1.5874560356704,1.22841057569802,0.949547585012732,0.969040066921226,6.84735223975297,4.539205824339
720,2.8320436747504,2.64814747269259,1.65199858960736,1.5480070721642,1.19757178978447,0.92716408106722,0.934298908723876,6.68155351918985,4.42387397305052
721,2.7557934075017,2.57376812919367,1.60401658216236,1.50989097045867,1.16716594159257,0.905946167215147,0.920697307494136,6.50109154487528,4.30386641713422
722,2.68130276773729,2.50590358529587,1.55725512541386,1.4718398078788,1.1374596428054,0.884848659669067,0.88743850969518,6.33382283861406,4.19107703056664
723,2.60901416981653,2.43940243797308,1.51233845816018,1.43733462338705,1.10836140736235,0.86454766563333,0.859107289387194,6.17345237699087,4.0787605585426
724,2.53857801187716,2.37115056262743,1.46873622295533,1.4009584073096,1.08022853136443,0.845553153035545,0.840492601696807,6.01903506461914,3.97584966864759
725,2.46987461916361,2.30577794882518,1.42637775988433,1.36610388844311,1.05324869094819,0.827491704781128,0.818492866409401,5.86280955270842,3.87661228522234
726,2.4029538858381,2.2450448758497,1.38475999411859,1.33157726596796,1.02712409973072,0.809473183510427,0.792982349170921,5.71303206571245,3.77453155800901
727,2.33787795408356,2.18440448691396,1.34443082770178,1.30043926424407,1.00130877477549,0.791544022531342,0.762860907405533,5.565006409282,3.6688593157019
728,2.27416434986581,2.12522188857917,1.3050823675739,1.26912660364921,0.976393778512829,0.772870228396347,0.745117033407596,5.41947416484742,3.57028518394297
729,2.21239846743954,2.06646267633397,1.26712359513167,1.23747407127135,0.952184302192857,0.755295449696779,0.734280382186819,5.26842288546367,3.48012322094531
730,2.15226610794399,2.01034622222972,1.22986091865891,1.20653169998746,0.929090702119824,0.735957506711268,0.707480806356205,5.12445213480102,3.39092904901042
731,2.09367985947369,1.95551485947898,1.19362609035174,1.1774169311616,0.905679225191697,0.717141999381551,0.68192014056954,4.99038841424413,3.29745082768115
732,2.03656643097274,1.90121879264592,1.15867807743245,1.15005295384094,0.883647246470314,0.699170912344857,0.668271239393977,4.86237301133548,3.20352018965233
733,1.98104367149144,1.84903756136281,1.12477680966634,1.12497745987666,0.861228921218975,0.681259635484061,0.645461639686981,4.73008893979855,3.11545779153217
734,1.92669586294828,1.79735981386045,1.09136565799502,1.09759407033057,0.839591640491347,0.663895783305716,0.628517528236318,4.59077704819103,3.03368091085907
735,1.87406416730027,1.74735028991077,1.05956105465032,1.07313857830263,0.818303037114133,0.646636896241351,0.60651181708496,4.45587657780698,2.95222979949227
736,1.82269923058642,1.69874590688262,1.02780968367966,1.04665278557459,0.79751195289842,0.630901285125729,0.582178270411512,4.33016205390686,2.87262642234821
737,1.77299974965327,1.65189333171244,0.997212114456827,1.02336232451563,0.777301094766228,0.615976170781364,0.568349625805423,4.20896802885423,2.79433124689037
738,1.72464424521948,1.60653387953898,0.967550988900212,0.997809087973179,0.757814780602499,0.600965533613788,0.560040828961639,4.09663344947807,2.71742846069229
739,1.67773273198685,1.56282944237704,0.938545536996224,0.974039963752901,0.738706438336421,0.586647675394472,0.541145993394482,3.98774616225946,2.64528629876142
740,1.63220844650123,1.51961457941591,0.910781763225311,0.951240121893869,0.720449711663405,0.572945035135121,0.530093331798175,3.87994233063506,2.57613975031686
741,1.587857771463,1.47908651897195,0.883904314662398,0.928927239314804,0.702109802437342,0.559396941133215,0.519509088374748,3.76915387167443,2.50539437004089
742,1.54504755437416,1.44043019122446,0.858060957617143,0.907818219504673,0.685108446347641,0.546808652238961,0.501408976431982,3.66471534097342,2.43411897408456
743,1.50371290956407,1.39986415092855,0.832541054535332,0.886790539144985,0.667987440622445,0.535350626206489,0.486792230893351,3.56009379412473,2.36195777844141
744,1.46382615309205,1.36042215869758,0.807766440051758,0.86538122734482,0.65146600206016,0.524925245543987,0.473063135454154,3.45973725558137,2.29649059299346
745,1.42487573628299,1.32336272558033,0.784050085946739,0.845932022860422,0.635170089706642,0.513880920851987,0.451179851998568,3.36500077690072,2.23591653573281
746,1.3872875503065,1.28875627553122,0.761134273020008,0.825452964966084,0.619479197564835,0.502777319103577,0.447893523002115,3.27672110790991,2.17862799003779
747,1.35094096036487,1.25232074999637,0.738671555283353,0.805363321912397,0.604362446199728,0.491790121609964,0.43173777224282,3.18776281504354,2.12572744708882
748,1.31570815511985,1.21789756787834,0.71680301140065,0.785634234602853,0.589402590700923,0.481522470960867,0.420432331866943,3.10248973532668,2.06808604565079
749,1.28182203300315,1.18275215270584,0.695797386936152,0.766476878016759,0.574760594496825,0.471114458850104,0.402740596226208,3.01789893980833,2.00549221869104
750,1.24885207653393,1.14951431754282,0.675507087829775,0.748649684771704,0.560843017384218,0.460416656199113,0.39740649254303,2.9355790086503,1.94729517926764
751,1.21682796003918,1.11570655828457,0.655808691556236,0.730542880446853,0.546587966764911,0.450743387768237,0.387124679117297,2.85181691024861,1.89241439817586
752,1.18562231917743,1.08401093728435,0.63683081398864,0.717069845236987,0.533698166611816,0.441114953495891,0.374438274785031,2.78184544460627,1.84260976173559
753,1.15532738109504,1.05416377997874,0.618213111294923,0.700939186111811,0.52006386652477,0.431729628247831,0.36659221894824,2.70827368530693,1.78616162764425
754,1.12607752668161,1.0240279813234,0.600319454224366,0.686477431794895,0.507195587409229,0.422974131695954,0.359605937976732,2.62664775138087,1.73719227834666
755,1.097976197907,0.995858944482856,0.583103559017245,0.672923361962145,0.493975925392606,0.414882237181774,0.348842855900975,2.54157232910349,1.69580054273351
756,1.07038750140289,0.966742023048954,0.565886395060303,0.658192617512587,0.48213619359918,0.406283622778566,0.334447290732276,2.46559354142998,1.65154057309316
757,1.04362090160174,0.941629502821557,0.549445514043791,0.645992067535088,0.470875393254853,0.397194149294926,0.321151696667976,2.39251665779394,1.61119642372119
758,1.01748316426683,0.915918240353495,0.533493051724896,0.631834842297699,0.459945596283481,0.387847342489883,0.321179546414304,2.32723333379035,1.56735299955339
759,0.992019025242364,0.892051542675594,0.517882749172483,0.61853594489245,0.449216936291105,0.379801904216052,0.301996578560003,2.26301003931407,1.51774821709205
760,0.967494148900257,0.867696539997061,0.50292256532786,0.606764984721504,0.438849525339479,0.371989729146175,0.303530943123417,2.20863887009924,1.46779204301941
761,0.943673183287556,0.844509376130547,0.488206418146956,0.594911140849307,0.428451237222038,0.364262185796881,0.299776046314031,2.14915276558929,1.43289256025131
762,0.920440191084904,0.821253615654738,0.474013638007037,0.582825616140653,0.418828724561413,0.356839307239967,0.284380331041816,2.08052756672921,1.39970991833073
763,0.89810034151051,0.79968897649227,0.459893520319369,0.570906915126682,0.408478271305214,0.349734071992,0.282274076631337,2.01546532623201,1.36028092448643
764,0.876501824510656,0.779296175464134,0.446737834514246,0.560468605508878,0.399116428896375,0.342918331597701,0.274116604305271,1.95461245713125,1.32284300335964
765,0.855308226234207,0.759541081437039,0.43389034639836,0.549244085677967,0.389546449697839,0.335048205152119,0.265361082145702,1.90072445054627,1.29550773747079
766,0.834801510014664,0.740213767895752,0.421139888989518,0.536274806734705,0.38050684940494,0.327815019428806,0.254214987828313,1.84480276852837,1.2628136030965
767,0.814770495783594,0.719846626172319,0.408668616912037,0.524817493730658,0.371752584179846,0.32191459644417,0.256939131105071,1.79088767555354,1.2229160871038
768,0.795338393004335,0.70115346679076,0.396800833679902,0.515408358042163,0.362490993062239,0.3152801921265,0.233437199556772,1.73792133828823,1.18521462226854
769,0.776552659303694,0.68244219105056,0.385335712843248,0.505780333608861,0.353794808132107,0.308539830923864,0.239750956092237,1.69325880967508,1.14850364253762
770,0.758379782764319,0.665103967697616,0.374466162635978,0.496272494917184,0.345675109315625,0.303801709467763,0.235314710545164,1.6515377165873,1.10175911458564
771,0.740877816839389,0.648155596934532,0.363671322246175,0.487201184824944,0.337354978087811,0.298008326561398,0.230738340094658,1.60986420769792,1.06005185858818
772,0.7239836227905,0.631771194402007,0.353198551652935,0.478420455240088,0.329261060604532,0.292315895011179,0.218917781246538,1.56661822406774,1.03587318746756
773,0.707690323332218,0.615927924089941,0.343038194358579,0.469902211887107,0.321410306235784,0.286711601483565,0.218482073529832,1.52452158184494,1.01851275811805
774,0.691991041179097,0.600602949988216,0.333180593865421,0.46161836049048,0.313819664351554,0.281182632645003,0.21121998619413,1.48316286072955,0.990485104341776
775,0.676878899045693,0.585773436086721,0.323616093675776,0.453540806774689,0.306506084321838,0.275716175161951,0.20864497987355,1.439389937007,0.964594131181941
776,0.662347019646559,0.571416546375341,0.314335037291956,0.445641456464213,0.299486515516625,0.270299415700859,0.195824396089314,1.39238685148451,0.942168757788518
777,0.648388525696249,0.557509444843962,0.305327768216276,0.437892215283532,0.292777907305905,0.264919540928178,0.198462674530202,1.34511641597349,0.916503773358699
778,0.634996539909319,0.544029295482471,0.29658462995105,0.43026498895713,0.286397209059667,0.259563737510359,0.180741724482562,1.30380703601152,0.888727950237188
779,0.622164185000322,0.530953262280756,0.288095965998592,0.422731683209482,0.280361370147902,0.254219192113858,0.185186231077984,1.25911412671785,0.862004691404681
780,0.609884583683814,0.518258509228699,0.279852119861217,0.415264203765073,0.274687339940602,0.248873091405123,0.169351491152983,1.22108373726402,0.838215406113328
